{
  "model_type": "logistic_regression",
  "weights": [
    [
      3.928391392624212,
      3.6032407817955696,
      4.011058129716569,
      3.6831967066011444,
      4.313335296889612,
      3.6169667100902494,
      3.9842838685550195,
      3.669842436819702,
      3.984526284468059
    ]
  ],
  "bias": [
    -1.6450287057758302
  ],
  "classes": [
    0,
    1
  ],
  "n_features": 9
}